<?xml version="1.0" encoding="UTF-8"?>
<project-private xmlns="http://www.netbeans.org/ns/project-private/1">
    <editor-bookmarks xmlns="http://www.netbeans.org/ns/editor-bookmarks/2" lastBookmarkId="0"/>
    <open-files xmlns="http://www.netbeans.org/ns/projectui-open-files/2">
        <group>
            <file>file:/C:/Users/Bernardo%20Chiamolera/Desktop/Furb/Arquivos/2023%20-%2002/POO/Atividades/ListaHeranca/JogoHerois/src/jogoherois/Personagem.java</file>
            <file>file:/C:/Users/Bernardo%20Chiamolera/Desktop/Furb/Arquivos/2023%20-%2002/POO/Atividades/ListaHeranca/JogoHerois/src/jogoherois/Vilao.java</file>
            <file>file:/C:/Users/Bernardo%20Chiamolera/Desktop/Furb/Arquivos/2023%20-%2002/POO/Atividades/ListaHeranca/JogoHerois/src/jogoherois/Confronto.java</file>
            <file>file:/C:/Users/Bernardo%20Chiamolera/Desktop/Furb/Arquivos/2023%20-%2002/POO/Atividades/ListaHeranca/JogoHerois/src/jogoherois/SuperHeroi.java</file>
            <file>file:/C:/Users/Bernardo%20Chiamolera/Desktop/Furb/Arquivos/2023%20-%2002/POO/Atividades/ListaHeranca/JogoHerois/src/jogoherois/JogoHerois.java</file>
            <file>file:/C:/Users/Bernardo%20Chiamolera/Desktop/Furb/Arquivos/2023%20-%2002/POO/Atividades/ListaHeranca/JogoHerois/src/jogoherois/Superpoder.java</file>
        </group>
    </open-files>
</project-private>
