-- Tabela: municipio
INSERT INTO municipio (cd_municipio, nm_municipio, sg_uf) VALUES
(1, 'São Paulo', 'SP'),
(2, 'Rio de Janeiro', 'RJ'),
(3, 'Belo Horizonte', 'MG'),
(4, 'Porto Alegre', 'RS'),
(5, 'Curitiba', 'PR'),
(6, 'Salvador', 'BA'),
(7, 'Fortaleza', 'CE'),
(8, 'Brasília', 'DF'),
(9, 'Recife', 'PE'),
(10, 'Goiânia', 'GO'),
(11, 'Manaus', 'AM'),
(12, 'Belém', 'PA'),
(13, 'Florianópolis', 'SC'),
(14, 'Maceió', 'AL'),
(15, 'Natal', 'RN'),
(16, 'João Pessoa', 'PB'),
(17, 'Aracaju', 'SE'),
(18, 'Campo Grande', 'MS'),
(19, 'Cuiabá', 'MT'),
(20, 'Palmas', 'TO');

-- Tabela: endereco
INSERT INTO endereco (cd_endereco, ds_logradouro, ds_complemento, nm_bairro, nr_cep, cd_municipio) VALUES
(1, 'Rua A', 'Apto 101', 'Centro', '01001000', 1),
(2, 'Rua B', 'Casa', 'Jardins', '22041001', 2),
(3, 'Rua C', 'Bloco 5', 'Savassi', '30130001', 3),
(4, 'Avenida D', 'Sala 402', 'Moinhos de Vento', '90520010', 4),
(5, 'Travessa E', 'Loja 3', 'Água Verde', '80210001', 5),
(6, 'Rua F', 'Cobertura', 'Barra', '40150002', 6),
(7, 'Rua G', 'Casa 12', 'Aldeota', '60160001', 7),
(8, 'Avenida H', 'Edifício Plaza', 'Asa Sul', '70070000', 8),
(9, 'Rua I', 'Casa', 'Boa Viagem', '51130010', 9),
(10, 'Rua J', 'Sala 205', 'Setor Bueno', '74110020', 10),
(11, 'Avenida K', 'Prédio 2', 'Adrianópolis', '69057000', 11),
(12, 'Rua L', 'Conjunto Marambaia', 'Marambaia', '66085100', 12),
(13, 'Rua M', 'Apto 102', 'Centro', '88010001', 13),
(14, 'Rua N', 'Casa', 'Ponta Verde', '57035000', 14),
(15, 'Rua O', 'Apto 302', 'Petrópolis', '59012001', 15),
(16, 'Avenida P', 'Loja 5', 'Tambaú', '58039000', 16),
(17, 'Rua Q', 'Casa', 'São José', '49035000', 17),
(18, 'Rua R', 'Loja 12', 'Centro', '79002100', 18),
(19, 'Avenida S', 'Bloco A', 'Boa Esperança', '78015000', 19),
(20, 'Rua T', 'Sala 101', 'Plano Diretor', '77001000', 20);

-- Tabela: cliente
INSERT INTO cliente (cd_cliente, nm_cliente, nr_telefone, ds_email, dt_nascimento, cd_endereco) VALUES
(1, 'João Silva', '11999990001', 'joao.silva@example.com', '1980-05-12', 1),
(2, 'Maria Oliveira', '21999990002', 'maria.oliveira@example.com', '1985-03-08', 2),
(3, 'Carlos Pereira', '31999990003', 'carlos.pereira@example.com', '1990-11-23', 3),
(4, 'Ana Costa', '51999990004', 'ana.costa@example.com', '1988-07-14', 4),
(5, 'Pedro Souza', '41999990005', 'pedro.souza@example.com', '1975-12-30', 5),
(6, 'Julia Lima', '71999990006', 'julia.lima@example.com', '1995-04-10', 6),
(7, 'Marcos Almeida', '85999990007', 'marcos.almeida@example.com', '1982-01-01', 7),
(8, 'Roberta Martins', '61999990008', 'roberta.martins@example.com', '1977-06-16', 8),
(9, 'Lucas Fernandes', '31999990009', 'lucas.fernandes@example.com', '1999-08-22', 9),
(10, 'Fernanda Rocha', '71999990010', 'fernanda.rocha@example.com', '1983-09-10', 10),
(11, 'Renato Ribeiro', '92999990011', 'renato.ribeiro@example.com', '1986-12-02', 11),
(12, 'Larissa Mendes', '65999990012', 'larissa.mendes@example.com', '1991-02-25', 12),
(13, 'Thiago Gomes', '48999990013', 'thiago.gomes@example.com', '1989-11-10', 13),
(14, 'Camila Santana', '51999990014', 'camila.santana@example.com', '1976-05-21', 14),
(15, 'Felipe Monteiro', '73999990015', 'felipe.monteiro@example.com', '1981-08-15', 15),
(16, 'Beatriz Duarte', '62999990016', 'beatriz.duarte@example.com', '1993-03-17', 16),
(17, 'Igor Barbosa', '65999990017', 'igor.barbosa@example.com', '1974-07-27', 17),
(18, 'Paula Azevedo', '31999990018', 'paula.azevedo@example.com', '1987-10-05', 18),
(19, 'Eduardo Neves', '65999990019', 'eduardo.neves@example.com', '1992-09-19', 19),
(20, 'Vanessa Moraes', '41999990020', 'vanessa.moraes@example.com', '1994-11-25', 20);

-- Tabela: prestador_servico
INSERT INTO prestador_servico (cd_prestador, nm_prestador, nr_telefone, ds_email, cd_endereco) VALUES
(1, 'Carlos Mendes', '11987654321', 'carlos.mendes@prestador.com', 1),
(2, 'Rita Costa', '21987654322', 'rita.costa@prestador.com', 2),
(3, 'Paulo Almeida', '31987654323', 'paulo.almeida@prestador.com', 3),
(4, 'Fernanda Souza', '51987654324', 'fernanda.souza@prestador.com', 4),
(5, 'Ricardo Lima', '41987654325', 'ricardo.lima@prestador.com', 5),
(6, 'Lucas Barbosa', '71987654326', 'lucas.barbosa@prestador.com', 6),
(7, 'Clara Silva', '85987654327', 'clara.silva@prestador.com', 7),
(8, 'André Rocha', '61987654328', 'andre.rocha@prestador.com', 8),
(9, 'Bruno Costa', '31987654329', 'bruno.costa@prestador.com', 9),
(10, 'Juliana Pereira', '71987654330', 'juliana.pereira@prestador.com', 10),
(11, 'Fabiana Gomes', '92987654331', 'fabiana.gomes@prestador.com', 11),
(12, 'Thiago Oliveira', '65987654332', 'thiago.oliveira@prestador.com', 12),
(13, 'Mariana Santos', '48987654333', 'mariana.santos@prestador.com', 13),
(14, 'Bruna Silva', '51987654334', 'bruna.silva@prestador.com', 14),
(15, 'Rafael Ribeiro', '73987654335', 'rafael.ribeiro@prestador.com', 15),
(16, 'Patrícia Monteiro', '62987654336', 'patricia.monteiro@prestador.com', 16),
(17, 'Roberto Mendes', '65987654337', 'roberto.mendes@prestador.com', 17),
(18, 'Viviane Duarte', '31987654338', 'viviane.duarte@prestador.com', 18),
(19, 'Diego Neves', '65987654339', 'diego.neves@prestador.com', 19),
(20, 'Cíntia Moraes', '41987654340', 'cintia.moraes@prestador.com', 20);

-- Tabela: servico
INSERT INTO servico (cd_servico, ds_servico, vl_servico) VALUES
(1, 'Banho e Tosa', 50.00),
(2, 'Vacinação', 100.00),
(3, 'Consulta Veterinária', 150.00),
(4, 'Exame de Sangue', 200.00),
(5, 'Cirurgia', 500.00),
(6, 'Terapia Laser', 300.00),
(7, 'Microchipagem', 80.00),
(8, 'Ultrassom', 250.00),
(9, 'Raio-X', 180.00),
(10, 'Desparasitação', 60.00),
(11, 'Acompanhamento Nutricional', 120.00),
(12, 'Hidratação Cutânea', 90.00),
(13, 'Acupuntura', 250.00),
(14, 'Fisioterapia', 220.00),
(15, 'Atendimento Emergencial', 400.00),
(16, 'Odontologia Veterinária', 170.00),
(17, 'Exame Cardiológico', 300.00),
(18, 'Consultoria Comportamental', 130.00),
(19, 'Tosa Completa', 70.00),
(20, 'Aplicação de Medicamentos', 30.00);

INSERT INTO especie (cd_especie, nm_especie) VALUES
(1, 'Cachorro'),
(2, 'Gato'),
(3, 'Pássaro'),
(4, 'Peixe'),
(5, 'Hamster'),
(6, 'Tartaruga'),
(7, 'Coelho'),
(8, 'Porquinho-da-índia'),
(9, 'Iguana'),
(10, 'Rato'),
(11, 'Furão'),
(12, 'Serpente'),
(13, 'Cavalo'),
(14, 'Lobo'),
(15, 'Raposa'),
(16, 'Panda'),
(17, 'Leão'),
(18, 'Tigre'),
(19, 'Urso'),
(20, 'Elefante');


INSERT INTO raca (cd_raca, nm_raca, cd_especie) VALUES
(1, 'Labrador', 1),
(2, 'Poodle', 1),
(3, 'Siamês', 2),
(4, 'Persa', 2),
(5, 'Canário', 3),
(6, 'Betta', 4),
(7, 'Syrio', 5),
(8, 'Bunny', 6),
(9, 'Angorá', 7),
(10, 'Dachshund', 1),
(11, 'Bulldog', 1),
(12, 'Golden Retriever', 1),
(13, 'Rottweiler', 1),
(14, 'Bengal', 2),
(15, 'Sphynx', 2),
(16, 'Tetra', 4),
(17, 'Boxer', 1),
(18, 'Chihuahua', 1),
(19, 'Cockatoo', 3),
(20, 'Maine Coon', 2);


INSERT INTO animal (cd_animal, nm_animal, ds_animal, dt_nascimento, tp_porte, cd_raca, cd_cliente) VALUES
(1, 'Rex', 'Cachorro Labrador', '2020-05-01', 'M', 1, 1),
(2, 'Mimi', 'Gato Siamês', '2021-02-15', 'P', 3, 2),
(3, 'Penny', 'Gato Persa', '2020-10-10', 'M', 4, 2),
(4, 'Max', 'Cachorro Poodle', '2019-12-05', 'P', 2, 3),
(5, 'Tweety', 'Pássaro Canário', '2022-03-20', 'P', 5, 4),
(6, 'Goldie', 'Peixe Betta', '2023-01-12', 'P', 6, 5),
(7, 'Bunny', 'Coelho Angorá', '2021-06-25', 'P', 8, 6),
(8, 'Spike', 'Cachorro Bulldog', '2018-11-11', 'M', 11, 7),
(9, 'Fluffy', 'Hamster Syrio', '2023-03-01', 'P', 7, 8),
(10, 'Buddy', 'Cachorro Dachshund', '2022-04-18', 'P', 10, 1),
(11, 'Sophie', 'Gato Bengal', '2020-08-09', 'M', 14, 2),
(12, 'Charlie', 'Cachorro Golden Retriever', '2022-09-15', 'G', 12, 3),
(13, 'Nina', 'Cachorro Rottweiler', '2021-07-30', 'G', 13, 4),
(14, 'Daisy', 'Cachorro Boxer', '2022-01-05', 'M', 17, 5),
(15, 'Milo', 'Cachorro Chihuahua', '2020-02-14', 'P', 18, 6),
(16, 'Rocky', 'Cachorro Poodle', '2023-05-10', 'M', 2, 7),
(17, 'Ziggy', 'Pássaro Cockatoo', '2022-08-19', 'P', 19, 8),
(18, 'Fifi', 'Cachorro Labrador', '2019-04-17', 'M', 1, 1),
(19, 'Chico', 'Gato Maine Coon', '2021-11-11', 'M', 20, 2),
(20, 'Snowy', 'Tartaruga', '2020-12-01', 'P', 6, 3);


-- Tabela: agendamento
INSERT INTO agendamento (nr_agendamento, dt_agendamento, hr_agendamento, cd_prestador, cd_cliente, cd_animal) VALUES
(1, '2024-10-20', '09:00:00', 1, 1, 1),
(2, '2024-10-21', '10:30:00', 2, 2, 2),
(3, '2024-10-22', '14:00:00', 1, 3, 3),
(4, '2024-10-23', '15:30:00', 3, 1, 2),
(5, '2024-10-24', '11:00:00', 2, 4, 4),
(6, '2024-10-25', '16:00:00', 1, 5, 5),
(7, '2024-10-26', '13:00:00', 3, 6, 6),
(8, '2024-10-27', '08:30:00', 2, 7, 7),
(9, '2024-10-28', '12:15:00', 1, 8, 8),
(10, '2024-10-29', '17:45:00', 3, 9, 9),
(11, '2024-10-30', '10:00:00', 2, 1, 10),
(12, '2024-11-01', '14:30:00', 1, 2, 11),
(13, '2024-11-02', '09:15:00', 3, 3, 12),
(14, '2024-11-03', '13:45:00', 2, 4, 13),
(15, '2024-11-04', '11:30:00', 1, 5, 14),
(16, '2024-11-05', '16:15:00', 3, 6, 15),
(17, '2024-11-06', '08:45:00', 2, 7, 16),
(18, '2024-11-07', '12:00:00', 1, 8, 17),
(19, '2024-11-08', '15:00:00', 3, 9, 18),
(20, '2024-11-09', '10:30:00', 2, 1, 19);



INSERT INTO categoria (cd_categoria, ds_categoria) VALUES
(1, 'Alimento'),
(2, 'Medicamento'),
(3, 'Brinquedo'),
(4, 'Acessório'),
(5, 'Higiene'),
(6, 'Roupas'),
(7, 'Camas'),
(8, 'Transporte'),
(9, 'Saúde'),
(10, 'Adestramento'),
(11, 'Limpeza'),
(12, 'Cuidados Especiais'),
(13, 'Treinamento'),
(14, 'Serviços'),
(15, 'Suplementos'),
(16, 'Equipamentos'),
(17, 'Vestuário'),
(18, 'Alimentação Natural'),
(19, 'Segurança'),
(20, 'Conforto');

INSERT INTO produto (cd_produto, nm_produto, ds_produto, vl_custo, vl_venda, qt_estoque, cd_categoria) VALUES
(1, 'Ração para Cachorro', 'Ração seca para cachorros', 100.00, 120.00, 50, 1),
(2, 'Ração para Gato', 'Ração seca para gatos', 80.00, 95.00, 40, 1),
(3, 'Antipulgas', 'Medicamento antipulgas', 30.00, 50.00, 20, 2),
(4, 'Brinquedo de Corda', 'Brinquedo resistente', 10.00, 15.00, 100, 3),
(5, 'Coleira', 'Coleira ajustável para cães', 15.00, 25.00, 80, 4),
(6, 'Shampoo', 'Shampoo para cães e gatos', 25.00, 35.00, 60, 5),
(7, 'Cama para Cachorro', 'Cama confortável para cães', 75.00, 100.00, 30, 6),
(8, 'Transportadora', 'Caixa de transporte para animais', 150.00, 200.00, 15, 8),
(9, 'Suplemento Nutricional', 'Suplemento para saúde', 50.00, 75.00, 25, 15),
(10, 'Roupinha para Cão', 'Roupa para cães pequenos', 20.00, 30.00, 45, 6),
(11, 'Escova de Cabelo', 'Escova para animais', 12.00, 18.00, 90, 5),
(12, 'Areia para Gato', 'Areia para caixa de areia', 10.00, 12.00, 100, 1),
(13, 'Remédio para Alergia', 'Medicamento para alergias', 40.00, 60.00, 35, 2),
(14, 'Cinta de Segurança', 'Cinta de segurança para veículos', 15.00, 25.00, 80, 4),
(15, 'Gaiola para Pássaro', 'Gaiola para pássaros', 100.00, 150.00, 10, 7),
(16, 'Tômbola', 'Brinquedo para gatos', 20.00, 30.00, 50, 3),
(17, 'Saco de Ração', 'Saco de ração 20kg', 180.00, 210.00, 20, 1),
(18, 'Medicamento para Dor', 'Medicamento para dor', 25.00, 35.00, 40, 2),
(19, 'Higienizador', 'Produto para higiene', 15.00, 22.00, 50, 5),
(20, 'Comedouro', 'Comedouro para ração', 12.00, 18.00, 30, 4);




-- Tabela: agendamento_servico
INSERT INTO agendamento_servico (nr_agendamento, cd_servico, qt_servico, vl_servico) VALUES
(1, 1, 1, 50.00),
(2, 2, 1, 100.00),
(3, 3, 1, 150.00),
(4, 4, 1, 200.00),
(5, 5, 1, 500.00),
(6, 6, 1, 300.00),
(7, 7, 1, 80.00),
(8, 8, 1, 250.00),
(9, 9, 1, 180.00),
(10, 10, 1, 60.00),
(11, 11, 1, 120.00),
(12, 12, 1, 90.00),
(13, 13, 1, 250.00),
(14, 14, 1, 220.00),
(15, 15, 1, 400.00),
(16, 16, 1, 170.00),
(17, 17, 1, 300.00),
(18, 18, 1, 130.00),
(19, 19, 1, 70.00),
(20, 20, 1, 30.00);

-- Tabela: nota_fiscal
INSERT INTO nota_fiscal (nr_notal_fiscal, dt_emissao, vl_total, cd_cliente) VALUES
(1, '2024-10-16', 200.00, 1),
(2, '2024-10-16', 150.00, 2),
(3, '2024-10-16', 300.00, 3),
(4, '2024-10-17', 500.00, 4),
(5, '2024-10-17', 180.00, 5),
(6, '2024-10-17', 250.00, 6),
(7, '2024-10-18', 400.00, 7),
(8, '2024-10-18', 600.00, 8),
(9, '2024-10-18', 100.00, 9),
(10, '2024-10-19', 250.00, 10),
(11, '2024-10-19', 350.00, 11),
(12, '2024-10-19', 180.00, 12),
(13, '2024-10-20', 500.00, 13),
(14, '2024-10-20', 320.00, 14),
(15, '2024-10-20', 90.00, 15),
(16, '2024-10-21', 70.00, 16),
(17, '2024-10-21', 130.00, 17),
(18, '2024-10-21', 250.00, 18),
(19, '2024-10-21', 300.00, 19),
(20, '2024-10-22', 100.00, 20);

INSERT INTO servico_prestador (cd_prestador, cd_servico) VALUES
(1, 1),
(2, 2),
(3, 3),
(4, 4),
(5, 5),
(6, 6),
(7, 7),
(8, 8),
(9, 9),
(10, 10),
(11, 11),
(12, 12),
(13, 13),
(14, 14),
(15, 15),
(16, 16),
(17, 17),
(18, 18),
(19, 19),
(20, 20);




INSERT INTO item_nota_fiscal (nr_notal_fiscal, cd_produto, qt_produto, vl_produto) VALUES
(1, 1, 2, 50.00),
(2, 2, 1, 100.00),
(3, 3, 3, 75.00),
(4, 4, 2, 150.00),
(5, 5, 1, 120.00),
(6, 6, 3, 60.00),
(7, 7, 2, 180.00),
(8, 8, 1, 90.00),
(9, 9, 3, 50.00),
(10, 10, 2, 110.00),
(11, 11, 1, 160.00),
(12, 12, 2, 70.00),
(13, 13, 3, 85.00),
(14, 14, 1, 140.00),
(15, 15, 2, 125.00),
(16, 16, 1, 65.00),
(17, 17, 3, 170.00),
(18, 18, 2, 95.00),
(19, 19, 1, 55.00),
(20, 20, 3, 130.00);

